Series Name,Series Code,Country Name,Country Code,2018 [YR2018],2019 [YR2019],2020 [YR2020],2021 [YR2021],2022 [YR2022]
"Tariff rate, most favored nation, weighted mean, primary products (%)",TM.TAX.TCOM.WM.FN.ZS,Afghanistan,AFG,5.02,..,..,..,..
"Tariff rate, most favored nation, weighted mean, primary products (%)",TM.TAX.TCOM.WM.FN.ZS,Albania,ALB,5.35,5.35,5.16,5.2,3.01
"Tariff rate, most favored nation, weighted mean, primary products (%)",TM.TAX.TCOM.WM.FN.ZS,Algeria,DZA,11.65,11.7,11.7,11.7,9.38
"Tariff rate, most favored nation, weighted mean, primary products (%)",TM.TAX.TCOM.WM.FN.ZS,American Samoa,ASM,..,..,..,..,..
"Tariff rate, most favored nation, weighted mean, primary products (%)",TM.TAX.TCOM.WM.FN.ZS,Andorra,AND,..,..,..,..,..
"Tariff rate, most favored nation, weighted mean, primary products (%)",TM.TAX.TCOM.WM.FN.ZS,Angola,AGO,9,9.48,14.18,20.25,9.84
"Tariff rate, most favored nation, weighted mean, primary products (%)",TM.TAX.TCOM.WM.FN.ZS,Antigua and Barbuda,ATG,18.72,17.92,17.92,17.92,..
"Tariff rate, most favored nation, weighted mean, primary products (%)",TM.TAX.TCOM.WM.FN.ZS,Argentina,ARG,5.6,5.72,6.59,5.88,4.72
"Tariff rate, most favored nation, weighted mean, primary products (%)",TM.TAX.TCOM.WM.FN.ZS,Armenia,ARM,..,12.84,4.72,7.63,..
"Tariff rate, most favored nation, weighted mean, primary products (%)",TM.TAX.TCOM.WM.FN.ZS,Aruba,ABW,7.67,13.54,..,7.57,..
"Tariff rate, most favored nation, weighted mean, primary products (%)",TM.TAX.TCOM.WM.FN.ZS,Australia,AUS,1.49,1.58,1.83,1.89,1.84
"Tariff rate, most favored nation, weighted mean, primary products (%)",TM.TAX.TCOM.WM.FN.ZS,Austria,AUT,2.62,2.72,2.18,2.84,1.87
"Tariff rate, most favored nation, weighted mean, primary products (%)",TM.TAX.TCOM.WM.FN.ZS,Azerbaijan,AZE,..,49.12,8.86,9.27,6.82
"Tariff rate, most favored nation, weighted mean, primary products (%)",TM.TAX.TCOM.WM.FN.ZS,"Bahamas, The",BHS,6.08,..,..,..,5.85
"Tariff rate, most favored nation, weighted mean, primary products (%)",TM.TAX.TCOM.WM.FN.ZS,Bahrain,BHR,17.78,7.7,4.74,4.78,5.7
"Tariff rate, most favored nation, weighted mean, primary products (%)",TM.TAX.TCOM.WM.FN.ZS,Bangladesh,BGD,..,5.1,6.23,6.21,5.58
"Tariff rate, most favored nation, weighted mean, primary products (%)",TM.TAX.TCOM.WM.FN.ZS,Barbados,BRB,..,..,28.5,27.99,28.6
"Tariff rate, most favored nation, weighted mean, primary products (%)",TM.TAX.TCOM.WM.FN.ZS,Belarus,BLR,3.18,18.24,3.1,6.8,..
"Tariff rate, most favored nation, weighted mean, primary products (%)",TM.TAX.TCOM.WM.FN.ZS,Belgium,BEL,2.62,2.72,2.18,2.84,1.87
"Tariff rate, most favored nation, weighted mean, primary products (%)",TM.TAX.TCOM.WM.FN.ZS,Belize,BLZ,12.67,12.14,41.56,42.3,44.87
"Tariff rate, most favored nation, weighted mean, primary products (%)",TM.TAX.TCOM.WM.FN.ZS,Benin,BEN,16.83,13.7,13.7,14.05,13.08
"Tariff rate, most favored nation, weighted mean, primary products (%)",TM.TAX.TCOM.WM.FN.ZS,Bermuda,BMU,48.2,312.08,31.32,30.58,45.12
"Tariff rate, most favored nation, weighted mean, primary products (%)",TM.TAX.TCOM.WM.FN.ZS,Bhutan,BTN,..,31.79,32.87,13.2,16.7
"Tariff rate, most favored nation, weighted mean, primary products (%)",TM.TAX.TCOM.WM.FN.ZS,Bolivia,BOL,13.22,13.22,12.94,13.08,13.34
"Tariff rate, most favored nation, weighted mean, primary products (%)",TM.TAX.TCOM.WM.FN.ZS,Bosnia and Herzegovina,BIH,11.46,155.49,11.9,10.84,8.78
"Tariff rate, most favored nation, weighted mean, primary products (%)",TM.TAX.TCOM.WM.FN.ZS,Botswana,BWA,12.11,33.52,12.88,13.36,13.1
"Tariff rate, most favored nation, weighted mean, primary products (%)",TM.TAX.TCOM.WM.FN.ZS,Brazil,BRA,5.33,5.63,6.33,5.03,4.36
"Tariff rate, most favored nation, weighted mean, primary products (%)",TM.TAX.TCOM.WM.FN.ZS,British Virgin Islands,VGB,..,..,..,..,..
"Tariff rate, most favored nation, weighted mean, primary products (%)",TM.TAX.TCOM.WM.FN.ZS,Brunei Darussalam,BRN,0.02,0.01,0.01,0.01,0
"Tariff rate, most favored nation, weighted mean, primary products (%)",TM.TAX.TCOM.WM.FN.ZS,Bulgaria,BGR,2.62,2.72,2.18,2.84,1.87
"Tariff rate, most favored nation, weighted mean, primary products (%)",TM.TAX.TCOM.WM.FN.ZS,Burkina Faso,BFA,14.31,15.26,10.68,9.71,9.63
"Tariff rate, most favored nation, weighted mean, primary products (%)",TM.TAX.TCOM.WM.FN.ZS,Burundi,BDI,34.86,43.8,38.48,36.73,24.28
"Tariff rate, most favored nation, weighted mean, primary products (%)",TM.TAX.TCOM.WM.FN.ZS,Cabo Verde,CPV,..,12.73,15.66,15.07,14.91
"Tariff rate, most favored nation, weighted mean, primary products (%)",TM.TAX.TCOM.WM.FN.ZS,Cambodia,KHM,..,..,8.55,8.57,6.44
"Tariff rate, most favored nation, weighted mean, primary products (%)",TM.TAX.TCOM.WM.FN.ZS,Cameroon,CMR,..,18.44,..,..,19.92
"Tariff rate, most favored nation, weighted mean, primary products (%)",TM.TAX.TCOM.WM.FN.ZS,Canada,CAN,5.39,19.31,6.19,5.47,5.37
"Tariff rate, most favored nation, weighted mean, primary products (%)",TM.TAX.TCOM.WM.FN.ZS,Cayman Islands,CYM,..,..,..,23.29,..
"Tariff rate, most favored nation, weighted mean, primary products (%)",TM.TAX.TCOM.WM.FN.ZS,Central African Republic,CAF,..,..,..,..,20.06
"Tariff rate, most favored nation, weighted mean, primary products (%)",TM.TAX.TCOM.WM.FN.ZS,Chad,TCD,..,..,..,..,23.79
"Tariff rate, most favored nation, weighted mean, primary products (%)",TM.TAX.TCOM.WM.FN.ZS,Channel Islands,CHI,..,..,..,..,..
"Tariff rate, most favored nation, weighted mean, primary products (%)",TM.TAX.TCOM.WM.FN.ZS,Chile,CHL,6,6,6,6,6
"Tariff rate, most favored nation, weighted mean, primary products (%)",TM.TAX.TCOM.WM.FN.ZS,China,CHN,2.94,2.48,3.11,2.99,2.77
"Tariff rate, most favored nation, weighted mean, primary products (%)",TM.TAX.TCOM.WM.FN.ZS,Colombia,COL,13.2,13.51,13.51,13.27,13.32
"Tariff rate, most favored nation, weighted mean, primary products (%)",TM.TAX.TCOM.WM.FN.ZS,Comoros,COM,2.97,2.78,4.63,4.18,..
"Tariff rate, most favored nation, weighted mean, primary products (%)",TM.TAX.TCOM.WM.FN.ZS,"Congo, Dem. Rep.",COD,..,11.15,8.45,..,..
"Tariff rate, most favored nation, weighted mean, primary products (%)",TM.TAX.TCOM.WM.FN.ZS,"Congo, Rep.",COG,..,..,..,..,18.83
"Tariff rate, most favored nation, weighted mean, primary products (%)",TM.TAX.TCOM.WM.FN.ZS,Costa Rica,CRI,10.78,10.54,11.04,11.14,10.34
"Tariff rate, most favored nation, weighted mean, primary products (%)",TM.TAX.TCOM.WM.FN.ZS,Cote d'Ivoire,CIV,12.95,6.94,6.74,6.74,6.18
"Tariff rate, most favored nation, weighted mean, primary products (%)",TM.TAX.TCOM.WM.FN.ZS,Croatia,HRV,2.62,2.72,2.18,2.84,1.87
"Tariff rate, most favored nation, weighted mean, primary products (%)",TM.TAX.TCOM.WM.FN.ZS,Cuba,CUB,..,9.65,9.87,10.13,12.19
"Tariff rate, most favored nation, weighted mean, primary products (%)",TM.TAX.TCOM.WM.FN.ZS,Curacao,CUW,..,..,..,..,..
"Tariff rate, most favored nation, weighted mean, primary products (%)",TM.TAX.TCOM.WM.FN.ZS,Cyprus,CYP,2.62,2.72,2.18,2.84,1.87
"Tariff rate, most favored nation, weighted mean, primary products (%)",TM.TAX.TCOM.WM.FN.ZS,Czechia,CZE,2.62,2.72,2.18,2.84,1.87
"Tariff rate, most favored nation, weighted mean, primary products (%)",TM.TAX.TCOM.WM.FN.ZS,Denmark,DNK,2.62,2.72,2.18,2.84,1.87
"Tariff rate, most favored nation, weighted mean, primary products (%)",TM.TAX.TCOM.WM.FN.ZS,Djibouti,DJI,..,..,..,..,..
"Tariff rate, most favored nation, weighted mean, primary products (%)",TM.TAX.TCOM.WM.FN.ZS,Dominica,DMA,..,..,7,..,..
"Tariff rate, most favored nation, weighted mean, primary products (%)",TM.TAX.TCOM.WM.FN.ZS,Dominican Republic,DOM,8.14,..,7.73,7.84,10.16
"Tariff rate, most favored nation, weighted mean, primary products (%)",TM.TAX.TCOM.WM.FN.ZS,Ecuador,ECU,7.04,26.47,7.12,4.34,4.18
"Tariff rate, most favored nation, weighted mean, primary products (%)",TM.TAX.TCOM.WM.FN.ZS,"Egypt, Arab Rep.",EGY,13.1,21.09,..,..,..
"Tariff rate, most favored nation, weighted mean, primary products (%)",TM.TAX.TCOM.WM.FN.ZS,El Salvador,SLV,11.93,13.22,14.64,13.33,12.17
"Tariff rate, most favored nation, weighted mean, primary products (%)",TM.TAX.TCOM.WM.FN.ZS,Equatorial Guinea,GNQ,..,..,..,..,22.68
"Tariff rate, most favored nation, weighted mean, primary products (%)",TM.TAX.TCOM.WM.FN.ZS,Eritrea,ERI,..,..,..,..,..
"Tariff rate, most favored nation, weighted mean, primary products (%)",TM.TAX.TCOM.WM.FN.ZS,Estonia,EST,2.62,2.72,2.18,2.84,1.87
"Tariff rate, most favored nation, weighted mean, primary products (%)",TM.TAX.TCOM.WM.FN.ZS,Eswatini,SWZ,8.42,129.3,7.68,7.22,6.82
"Tariff rate, most favored nation, weighted mean, primary products (%)",TM.TAX.TCOM.WM.FN.ZS,Ethiopia,ETH,8.76,..,..,12.31,..
"Tariff rate, most favored nation, weighted mean, primary products (%)",TM.TAX.TCOM.WM.FN.ZS,Faroe Islands,FRO,..,..,..,..,..
"Tariff rate, most favored nation, weighted mean, primary products (%)",TM.TAX.TCOM.WM.FN.ZS,Fiji,FJI,27.33,60.01,36.56,17.99,..
"Tariff rate, most favored nation, weighted mean, primary products (%)",TM.TAX.TCOM.WM.FN.ZS,Finland,FIN,2.62,2.72,2.18,2.84,1.87
"Tariff rate, most favored nation, weighted mean, primary products (%)",TM.TAX.TCOM.WM.FN.ZS,France,FRA,2.62,2.72,2.18,2.84,1.87
"Tariff rate, most favored nation, weighted mean, primary products (%)",TM.TAX.TCOM.WM.FN.ZS,French Polynesia,PYF,4.16,4.67,4.59,4.59,..
"Tariff rate, most favored nation, weighted mean, primary products (%)",TM.TAX.TCOM.WM.FN.ZS,Gabon,GAB,..,15.48,..,..,19.28
"Tariff rate, most favored nation, weighted mean, primary products (%)",TM.TAX.TCOM.WM.FN.ZS,"Gambia, The",GMB,19.62,..,18.9,18.5,19.79
"Tariff rate, most favored nation, weighted mean, primary products (%)",TM.TAX.TCOM.WM.FN.ZS,Georgia,GEO,..,..,2.81,3.36,3.68
"Tariff rate, most favored nation, weighted mean, primary products (%)",TM.TAX.TCOM.WM.FN.ZS,Germany,DEU,2.62,2.72,2.18,2.84,1.87
"Tariff rate, most favored nation, weighted mean, primary products (%)",TM.TAX.TCOM.WM.FN.ZS,Ghana,GHA,15.95,15.52,13.77,13.77,16.41
"Tariff rate, most favored nation, weighted mean, primary products (%)",TM.TAX.TCOM.WM.FN.ZS,Gibraltar,GIB,..,..,..,..,..
"Tariff rate, most favored nation, weighted mean, primary products (%)",TM.TAX.TCOM.WM.FN.ZS,Greece,GRC,2.62,2.72,2.18,2.84,1.87
"Tariff rate, most favored nation, weighted mean, primary products (%)",TM.TAX.TCOM.WM.FN.ZS,Greenland,GRL,..,..,..,..,..
"Tariff rate, most favored nation, weighted mean, primary products (%)",TM.TAX.TCOM.WM.FN.ZS,Grenada,GRD,..,16.34,..,..,14
"Tariff rate, most favored nation, weighted mean, primary products (%)",TM.TAX.TCOM.WM.FN.ZS,Guam,GUM,..,..,..,..,..
"Tariff rate, most favored nation, weighted mean, primary products (%)",TM.TAX.TCOM.WM.FN.ZS,Guatemala,GTM,..,..,8.76,8.22,13.27
"Tariff rate, most favored nation, weighted mean, primary products (%)",TM.TAX.TCOM.WM.FN.ZS,Guinea,GIN,15.05,15.84,16.2,16.47,16.35
"Tariff rate, most favored nation, weighted mean, primary products (%)",TM.TAX.TCOM.WM.FN.ZS,Guinea-Bissau,GNB,15.9,17.45,16.27,16.36,18.83
"Tariff rate, most favored nation, weighted mean, primary products (%)",TM.TAX.TCOM.WM.FN.ZS,Guyana,GUY,13.54,17.44,18.15,18.24,20.74
"Tariff rate, most favored nation, weighted mean, primary products (%)",TM.TAX.TCOM.WM.FN.ZS,Haiti,HTI,..,..,7.34,..,..
"Tariff rate, most favored nation, weighted mean, primary products (%)",TM.TAX.TCOM.WM.FN.ZS,Honduras,HND,12.11,..,13.07,13.64,15.24
"Tariff rate, most favored nation, weighted mean, primary products (%)",TM.TAX.TCOM.WM.FN.ZS,"Hong Kong SAR, China",HKG,0,0,0,0,0
"Tariff rate, most favored nation, weighted mean, primary products (%)",TM.TAX.TCOM.WM.FN.ZS,Hungary,HUN,2.62,2.72,2.18,2.84,1.87
"Tariff rate, most favored nation, weighted mean, primary products (%)",TM.TAX.TCOM.WM.FN.ZS,Iceland,ISL,..,10.34,..,12.79,11.3
"Tariff rate, most favored nation, weighted mean, primary products (%)",TM.TAX.TCOM.WM.FN.ZS,India,IND,3.88,8.48,5.85,4.59,3.22
"Tariff rate, most favored nation, weighted mean, primary products (%)",TM.TAX.TCOM.WM.FN.ZS,Indonesia,IDN,3.77,4.14,4.43,3.94,3.81
"Tariff rate, most favored nation, weighted mean, primary products (%)",TM.TAX.TCOM.WM.FN.ZS,"Iran, Islamic Rep.",IRN,..,13.62,10.63,..,..
"Tariff rate, most favored nation, weighted mean, primary products (%)",TM.TAX.TCOM.WM.FN.ZS,Iraq,IRQ,..,..,..,..,..
"Tariff rate, most favored nation, weighted mean, primary products (%)",TM.TAX.TCOM.WM.FN.ZS,Ireland,IRL,2.62,2.72,2.18,2.84,1.87
"Tariff rate, most favored nation, weighted mean, primary products (%)",TM.TAX.TCOM.WM.FN.ZS,Isle of Man,IMN,..,..,..,..,..
"Tariff rate, most favored nation, weighted mean, primary products (%)",TM.TAX.TCOM.WM.FN.ZS,Israel,ISR,..,..,..,6.32,5.23
"Tariff rate, most favored nation, weighted mean, primary products (%)",TM.TAX.TCOM.WM.FN.ZS,Italy,ITA,2.62,2.72,2.18,2.84,1.87
"Tariff rate, most favored nation, weighted mean, primary products (%)",TM.TAX.TCOM.WM.FN.ZS,Jamaica,JAM,..,..,10.15,10.75,9.2
"Tariff rate, most favored nation, weighted mean, primary products (%)",TM.TAX.TCOM.WM.FN.ZS,Japan,JPN,4.67,25.15,5.75,4.27,3.32
"Tariff rate, most favored nation, weighted mean, primary products (%)",TM.TAX.TCOM.WM.FN.ZS,Jordan,JOR,..,..,11.79,..,9.09
"Tariff rate, most favored nation, weighted mean, primary products (%)",TM.TAX.TCOM.WM.FN.ZS,Kazakhstan,KAZ,6.12,18.99,5.82,8.4,8.38
"Tariff rate, most favored nation, weighted mean, primary products (%)",TM.TAX.TCOM.WM.FN.ZS,Kenya,KEN,25.57,29.52,22.55,22.43,22.24
"Tariff rate, most favored nation, weighted mean, primary products (%)",TM.TAX.TCOM.WM.FN.ZS,Kiribati,KIR,..,..,..,..,..
"Tariff rate, most favored nation, weighted mean, primary products (%)",TM.TAX.TCOM.WM.FN.ZS,"Korea, Dem. People's Rep.",PRK,..,..,..,..,..
"Tariff rate, most favored nation, weighted mean, primary products (%)",TM.TAX.TCOM.WM.FN.ZS,"Korea, Rep.",KOR,14.32,..,19.05,19.05,14.97
"Tariff rate, most favored nation, weighted mean, primary products (%)",TM.TAX.TCOM.WM.FN.ZS,Kosovo,XKX,..,..,..,..,..
"Tariff rate, most favored nation, weighted mean, primary products (%)",TM.TAX.TCOM.WM.FN.ZS,Kuwait,KWT,12.77,11.35,3.33,3.19,3.89
"Tariff rate, most favored nation, weighted mean, primary products (%)",TM.TAX.TCOM.WM.FN.ZS,Kyrgyz Republic,KGZ,7.42,71.38,8.54,11.35,..
"Tariff rate, most favored nation, weighted mean, primary products (%)",TM.TAX.TCOM.WM.FN.ZS,Lao PDR,LAO,9.83,9.52,9.52,8.84,8.33
"Tariff rate, most favored nation, weighted mean, primary products (%)",TM.TAX.TCOM.WM.FN.ZS,Latvia,LVA,2.62,2.72,2.18,2.84,1.87
"Tariff rate, most favored nation, weighted mean, primary products (%)",TM.TAX.TCOM.WM.FN.ZS,Lebanon,LBN,63.47,7.46,6.25,..,..
"Tariff rate, most favored nation, weighted mean, primary products (%)",TM.TAX.TCOM.WM.FN.ZS,Lesotho,LSO,9.33,63.77,9.59,9.92,10.11
"Tariff rate, most favored nation, weighted mean, primary products (%)",TM.TAX.TCOM.WM.FN.ZS,Liberia,LBR,8.95,..,17.82,17.82,19.19
"Tariff rate, most favored nation, weighted mean, primary products (%)",TM.TAX.TCOM.WM.FN.ZS,Libya,LBY,..,..,4.38,8.07,..
"Tariff rate, most favored nation, weighted mean, primary products (%)",TM.TAX.TCOM.WM.FN.ZS,Liechtenstein,LIE,..,..,..,..,..
"Tariff rate, most favored nation, weighted mean, primary products (%)",TM.TAX.TCOM.WM.FN.ZS,Lithuania,LTU,2.62,2.72,2.18,2.84,1.87
"Tariff rate, most favored nation, weighted mean, primary products (%)",TM.TAX.TCOM.WM.FN.ZS,Luxembourg,LUX,..,..,..,..,..
"Tariff rate, most favored nation, weighted mean, primary products (%)",TM.TAX.TCOM.WM.FN.ZS,"Macao SAR, China",MAC,0,0,0,0,0
"Tariff rate, most favored nation, weighted mean, primary products (%)",TM.TAX.TCOM.WM.FN.ZS,Madagascar,MDG,7.72,8.73,8.78,7.86,6.78
"Tariff rate, most favored nation, weighted mean, primary products (%)",TM.TAX.TCOM.WM.FN.ZS,Malawi,MWI,..,15.22,15.23,16.9,..
"Tariff rate, most favored nation, weighted mean, primary products (%)",TM.TAX.TCOM.WM.FN.ZS,Malaysia,MYS,..,..,3.04,3.15,3.03
"Tariff rate, most favored nation, weighted mean, primary products (%)",TM.TAX.TCOM.WM.FN.ZS,Maldives,MDV,4.9,28.31,5.33,8.05,8.12
"Tariff rate, most favored nation, weighted mean, primary products (%)",TM.TAX.TCOM.WM.FN.ZS,Mali,MLI,14.17,14.57,14.05,13.38,14.06
"Tariff rate, most favored nation, weighted mean, primary products (%)",TM.TAX.TCOM.WM.FN.ZS,Malta,MLT,2.62,2.72,2.18,2.84,1.87
"Tariff rate, most favored nation, weighted mean, primary products (%)",TM.TAX.TCOM.WM.FN.ZS,Marshall Islands,MHL,..,..,..,..,..
"Tariff rate, most favored nation, weighted mean, primary products (%)",TM.TAX.TCOM.WM.FN.ZS,Mauritania,MRT,9.8,9.8,10.4,6.16,7.57
"Tariff rate, most favored nation, weighted mean, primary products (%)",TM.TAX.TCOM.WM.FN.ZS,Mauritius,MUS,0.99,2.09,1.81,2.61,2.58
"Tariff rate, most favored nation, weighted mean, primary products (%)",TM.TAX.TCOM.WM.FN.ZS,Mexico,MEX,4.7,..,..,..,7.66
"Tariff rate, most favored nation, weighted mean, primary products (%)",TM.TAX.TCOM.WM.FN.ZS,"Micronesia, Fed. Sts.",FSM,..,..,..,..,..
"Tariff rate, most favored nation, weighted mean, primary products (%)",TM.TAX.TCOM.WM.FN.ZS,Moldova,MDA,..,..,8.33,7.55,6.24
"Tariff rate, most favored nation, weighted mean, primary products (%)",TM.TAX.TCOM.WM.FN.ZS,Monaco,MCO,..,..,..,..,..
"Tariff rate, most favored nation, weighted mean, primary products (%)",TM.TAX.TCOM.WM.FN.ZS,Mongolia,MNG,7.46,7.78,7.81,7.48,7.89
"Tariff rate, most favored nation, weighted mean, primary products (%)",TM.TAX.TCOM.WM.FN.ZS,Montenegro,MNE,12.37,12.29,10.24,11.65,9.78
"Tariff rate, most favored nation, weighted mean, primary products (%)",TM.TAX.TCOM.WM.FN.ZS,Morocco,MAR,..,12.3,12.3,14.81,..
"Tariff rate, most favored nation, weighted mean, primary products (%)",TM.TAX.TCOM.WM.FN.ZS,Mozambique,MOZ,7.55,..,7.55,7.92,..
"Tariff rate, most favored nation, weighted mean, primary products (%)",TM.TAX.TCOM.WM.FN.ZS,Myanmar,MMR,..,7.95,..,6.58,6.6
"Tariff rate, most favored nation, weighted mean, primary products (%)",TM.TAX.TCOM.WM.FN.ZS,Namibia,NAM,5.07,14.32,4.43,4.86,7.82
"Tariff rate, most favored nation, weighted mean, primary products (%)",TM.TAX.TCOM.WM.FN.ZS,Nauru,NRU,10.55,19.71,16.67,16,..
"Tariff rate, most favored nation, weighted mean, primary products (%)",TM.TAX.TCOM.WM.FN.ZS,Nepal,NPL,12.2,14.06,12.49,12.37,11.64
"Tariff rate, most favored nation, weighted mean, primary products (%)",TM.TAX.TCOM.WM.FN.ZS,Netherlands,NLD,2.62,2.72,2.18,2.84,1.87
"Tariff rate, most favored nation, weighted mean, primary products (%)",TM.TAX.TCOM.WM.FN.ZS,New Caledonia,NCL,..,..,..,..,..
"Tariff rate, most favored nation, weighted mean, primary products (%)",TM.TAX.TCOM.WM.FN.ZS,New Zealand,NZL,..,1.38,1.64,1.64,1.75
"Tariff rate, most favored nation, weighted mean, primary products (%)",TM.TAX.TCOM.WM.FN.ZS,Nicaragua,NIC,8.25,7.89,8.82,8.59,7.65
"Tariff rate, most favored nation, weighted mean, primary products (%)",TM.TAX.TCOM.WM.FN.ZS,Niger,NER,18.82,19.74,14.44,14.03,12.28
"Tariff rate, most favored nation, weighted mean, primary products (%)",TM.TAX.TCOM.WM.FN.ZS,Nigeria,NGA,..,..,11.83,11.68,9.91
"Tariff rate, most favored nation, weighted mean, primary products (%)",TM.TAX.TCOM.WM.FN.ZS,North Macedonia,MKD,5.2,4.64,3.71,6.44,5.43
"Tariff rate, most favored nation, weighted mean, primary products (%)",TM.TAX.TCOM.WM.FN.ZS,Northern Mariana Islands,MNP,..,..,..,..,..
"Tariff rate, most favored nation, weighted mean, primary products (%)",TM.TAX.TCOM.WM.FN.ZS,Norway,NOR,16.19,22.56,16.32,14.67,10.16
"Tariff rate, most favored nation, weighted mean, primary products (%)",TM.TAX.TCOM.WM.FN.ZS,Oman,OMN,5.2,4.84,4.84,4.62,5.21
"Tariff rate, most favored nation, weighted mean, primary products (%)",TM.TAX.TCOM.WM.FN.ZS,Pakistan,PAK,6.38,5.85,6.11,6.04,5.16
"Tariff rate, most favored nation, weighted mean, primary products (%)",TM.TAX.TCOM.WM.FN.ZS,Palau,PLW,72.21,350.15,20.62,20.27,..
"Tariff rate, most favored nation, weighted mean, primary products (%)",TM.TAX.TCOM.WM.FN.ZS,Panama,PAN,..,..,14.16,12.47,11.19
"Tariff rate, most favored nation, weighted mean, primary products (%)",TM.TAX.TCOM.WM.FN.ZS,Papua New Guinea,PNG,11.92,24.73,7.89,7.8,..
"Tariff rate, most favored nation, weighted mean, primary products (%)",TM.TAX.TCOM.WM.FN.ZS,Paraguay,PRY,11.91,11.91,11.32,9.95,9.9
"Tariff rate, most favored nation, weighted mean, primary products (%)",TM.TAX.TCOM.WM.FN.ZS,Peru,PER,0.67,0.71,0.71,0.82,0.7
"Tariff rate, most favored nation, weighted mean, primary products (%)",TM.TAX.TCOM.WM.FN.ZS,Philippines,PHL,10.13,8.67,8.73,9.45,8.47
"Tariff rate, most favored nation, weighted mean, primary products (%)",TM.TAX.TCOM.WM.FN.ZS,Poland,POL,2.62,2.72,2.18,2.84,1.87
"Tariff rate, most favored nation, weighted mean, primary products (%)",TM.TAX.TCOM.WM.FN.ZS,Portugal,PRT,2.62,2.72,2.18,2.84,1.87
"Tariff rate, most favored nation, weighted mean, primary products (%)",TM.TAX.TCOM.WM.FN.ZS,Puerto Rico,PRI,..,..,..,..,..
"Tariff rate, most favored nation, weighted mean, primary products (%)",TM.TAX.TCOM.WM.FN.ZS,Qatar,QAT,6.99,5.78,3.37,3.6,4.48
"Tariff rate, most favored nation, weighted mean, primary products (%)",TM.TAX.TCOM.WM.FN.ZS,Romania,ROU,2.62,2.72,2.18,2.84,1.87
"Tariff rate, most favored nation, weighted mean, primary products (%)",TM.TAX.TCOM.WM.FN.ZS,Russian Federation,RUS,6.79,21.56,6.56,7.16,..
"Tariff rate, most favored nation, weighted mean, primary products (%)",TM.TAX.TCOM.WM.FN.ZS,Rwanda,RWA,25.18,20.27,24.71,36.3,35.92
"Tariff rate, most favored nation, weighted mean, primary products (%)",TM.TAX.TCOM.WM.FN.ZS,Samoa,WSM,12.96,..,12.95,..,..
"Tariff rate, most favored nation, weighted mean, primary products (%)",TM.TAX.TCOM.WM.FN.ZS,San Marino,SMR,..,..,..,..,..
"Tariff rate, most favored nation, weighted mean, primary products (%)",TM.TAX.TCOM.WM.FN.ZS,Sao Tome and Principe,STP,8.82,9.2,..,..,..
"Tariff rate, most favored nation, weighted mean, primary products (%)",TM.TAX.TCOM.WM.FN.ZS,Saudi Arabia,SAU,..,..,5.77,..,5.76
"Tariff rate, most favored nation, weighted mean, primary products (%)",TM.TAX.TCOM.WM.FN.ZS,Senegal,SEN,12.53,9.63,10.04,9.12,8.78
"Tariff rate, most favored nation, weighted mean, primary products (%)",TM.TAX.TCOM.WM.FN.ZS,Serbia,SRB,7.03,..,..,8.28,..
"Tariff rate, most favored nation, weighted mean, primary products (%)",TM.TAX.TCOM.WM.FN.ZS,Seychelles,SYC,17.16,93.17,15.17,15.13,15.84
"Tariff rate, most favored nation, weighted mean, primary products (%)",TM.TAX.TCOM.WM.FN.ZS,Sierra Leone,SLE,..,..,17.86,17.95,17.98
"Tariff rate, most favored nation, weighted mean, primary products (%)",TM.TAX.TCOM.WM.FN.ZS,Singapore,SGP,2.43,9.33,1.33,1.32,0.66
"Tariff rate, most favored nation, weighted mean, primary products (%)",TM.TAX.TCOM.WM.FN.ZS,Sint Maarten (Dutch part),SXM,..,..,..,..,..
"Tariff rate, most favored nation, weighted mean, primary products (%)",TM.TAX.TCOM.WM.FN.ZS,Slovak Republic,SVK,2.62,2.72,2.18,2.84,1.87
"Tariff rate, most favored nation, weighted mean, primary products (%)",TM.TAX.TCOM.WM.FN.ZS,Slovenia,SVN,2.62,2.72,2.18,2.84,1.87
"Tariff rate, most favored nation, weighted mean, primary products (%)",TM.TAX.TCOM.WM.FN.ZS,Solomon Islands,SLB,64.09,34.97,17.21,24.9,48.84
"Tariff rate, most favored nation, weighted mean, primary products (%)",TM.TAX.TCOM.WM.FN.ZS,Somalia,SOM,..,..,..,..,..
"Tariff rate, most favored nation, weighted mean, primary products (%)",TM.TAX.TCOM.WM.FN.ZS,South Africa,ZAF,3.35,14.41,5.02,5.46,4.25
"Tariff rate, most favored nation, weighted mean, primary products (%)",TM.TAX.TCOM.WM.FN.ZS,South Sudan,SSD,..,..,..,..,..
"Tariff rate, most favored nation, weighted mean, primary products (%)",TM.TAX.TCOM.WM.FN.ZS,Spain,ESP,2.62,2.72,2.18,2.84,1.87
"Tariff rate, most favored nation, weighted mean, primary products (%)",TM.TAX.TCOM.WM.FN.ZS,Sri Lanka,LKA,19.79,23.49,11.94,11.22,..
"Tariff rate, most favored nation, weighted mean, primary products (%)",TM.TAX.TCOM.WM.FN.ZS,St. Kitts and Nevis,KNA,54.47,54.44,11,..,..
"Tariff rate, most favored nation, weighted mean, primary products (%)",TM.TAX.TCOM.WM.FN.ZS,St. Lucia,LCA,..,33.45,15.43,..,..
"Tariff rate, most favored nation, weighted mean, primary products (%)",TM.TAX.TCOM.WM.FN.ZS,St. Martin (French part),MAF,..,..,..,..,..
"Tariff rate, most favored nation, weighted mean, primary products (%)",TM.TAX.TCOM.WM.FN.ZS,St. Vincent and the Grenadines,VCT,14.52,14.52,15.01,15.14,13.82
"Tariff rate, most favored nation, weighted mean, primary products (%)",TM.TAX.TCOM.WM.FN.ZS,Sudan,SDN,..,..,25,25,..
"Tariff rate, most favored nation, weighted mean, primary products (%)",TM.TAX.TCOM.WM.FN.ZS,Suriname,SUR,19.45,13.61,13.61,14.92,15.15
"Tariff rate, most favored nation, weighted mean, primary products (%)",TM.TAX.TCOM.WM.FN.ZS,Sweden,SWE,2.62,2.72,2.18,2.84,1.87
"Tariff rate, most favored nation, weighted mean, primary products (%)",TM.TAX.TCOM.WM.FN.ZS,Switzerland,CHE,20.66,70.25,18.28,15.69,11.68
"Tariff rate, most favored nation, weighted mean, primary products (%)",TM.TAX.TCOM.WM.FN.ZS,Syrian Arab Republic,SYR,..,..,10.82,..,..
"Tariff rate, most favored nation, weighted mean, primary products (%)",TM.TAX.TCOM.WM.FN.ZS,Tajikistan,TJK,..,..,6.37,6.26,..
"Tariff rate, most favored nation, weighted mean, primary products (%)",TM.TAX.TCOM.WM.FN.ZS,Tanzania,TZA,22.94,23.18,28.63,24.85,26.8
"Tariff rate, most favored nation, weighted mean, primary products (%)",TM.TAX.TCOM.WM.FN.ZS,Thailand,THA,..,..,..,10.8,6.75
"Tariff rate, most favored nation, weighted mean, primary products (%)",TM.TAX.TCOM.WM.FN.ZS,Timor-Leste,TLS,..,..,2.55,2.55,..
"Tariff rate, most favored nation, weighted mean, primary products (%)",TM.TAX.TCOM.WM.FN.ZS,Togo,TGO,14.54,15.81,15.81,13.35,11.49
"Tariff rate, most favored nation, weighted mean, primary products (%)",TM.TAX.TCOM.WM.FN.ZS,Tonga,TON,..,..,3.79,4.06,4.03
"Tariff rate, most favored nation, weighted mean, primary products (%)",TM.TAX.TCOM.WM.FN.ZS,Trinidad and Tobago,TTO,..,..,..,15.59,10.81
"Tariff rate, most favored nation, weighted mean, primary products (%)",TM.TAX.TCOM.WM.FN.ZS,Tunisia,TUN,..,..,..,..,..
"Tariff rate, most favored nation, weighted mean, primary products (%)",TM.TAX.TCOM.WM.FN.ZS,Turkiye,TUR,7.38,10.1,10.23,7.93,8.89
"Tariff rate, most favored nation, weighted mean, primary products (%)",TM.TAX.TCOM.WM.FN.ZS,Turkmenistan,TKM,..,..,..,..,..
"Tariff rate, most favored nation, weighted mean, primary products (%)",TM.TAX.TCOM.WM.FN.ZS,Turks and Caicos Islands,TCA,..,..,..,..,..
"Tariff rate, most favored nation, weighted mean, primary products (%)",TM.TAX.TCOM.WM.FN.ZS,Tuvalu,TUV,..,..,..,..,..
"Tariff rate, most favored nation, weighted mean, primary products (%)",TM.TAX.TCOM.WM.FN.ZS,Uganda,UGA,20.54,20.88,23.47,23.57,25.37
"Tariff rate, most favored nation, weighted mean, primary products (%)",TM.TAX.TCOM.WM.FN.ZS,Ukraine,UKR,1.66,23.7,2.55,3.11,3.37
"Tariff rate, most favored nation, weighted mean, primary products (%)",TM.TAX.TCOM.WM.FN.ZS,United Arab Emirates,ARE,20.39,12.61,5.72,6.25,..
"Tariff rate, most favored nation, weighted mean, primary products (%)",TM.TAX.TCOM.WM.FN.ZS,United Kingdom,GBR,2.62,2.72,2.12,6.29,4.84
"Tariff rate, most favored nation, weighted mean, primary products (%)",TM.TAX.TCOM.WM.FN.ZS,United States,USA,8.24,134.84,3.31,2.89,2.49
"Tariff rate, most favored nation, weighted mean, primary products (%)",TM.TAX.TCOM.WM.FN.ZS,Uruguay,URY,6.15,6.15,7.24,7.25,5.51
"Tariff rate, most favored nation, weighted mean, primary products (%)",TM.TAX.TCOM.WM.FN.ZS,Uzbekistan,UZB,..,..,5.04,5.25,..
"Tariff rate, most favored nation, weighted mean, primary products (%)",TM.TAX.TCOM.WM.FN.ZS,Vanuatu,VUT,..,..,20.22,18.87,17.47
"Tariff rate, most favored nation, weighted mean, primary products (%)",TM.TAX.TCOM.WM.FN.ZS,"Venezuela, RB",VEN,22.79,20.25,22.59,22.32,23.27
"Tariff rate, most favored nation, weighted mean, primary products (%)",TM.TAX.TCOM.WM.FN.ZS,Viet Nam,VNM,13.03,5.98,6.78,6.68,6.02
"Tariff rate, most favored nation, weighted mean, primary products (%)",TM.TAX.TCOM.WM.FN.ZS,Virgin Islands (U.S.),VIR,..,..,..,..,..
"Tariff rate, most favored nation, weighted mean, primary products (%)",TM.TAX.TCOM.WM.FN.ZS,West Bank and Gaza,PSE,..,..,..,..,..
"Tariff rate, most favored nation, weighted mean, primary products (%)",TM.TAX.TCOM.WM.FN.ZS,"Yemen, Rep.",YEM,..,..,..,..,..
"Tariff rate, most favored nation, weighted mean, primary products (%)",TM.TAX.TCOM.WM.FN.ZS,Zambia,ZMB,4.43,..,9.44,9.5,9.94
"Tariff rate, most favored nation, weighted mean, primary products (%)",TM.TAX.TCOM.WM.FN.ZS,Zimbabwe,ZWE,..,..,..,9,..
"Tariff rate, most favored nation, weighted mean, primary products (%)",TM.TAX.TCOM.WM.FN.ZS,Africa Eastern and Southern,AFE,..,..,..,..,..
"Tariff rate, most favored nation, weighted mean, primary products (%)",TM.TAX.TCOM.WM.FN.ZS,Africa Western and Central,AFW,..,..,..,..,..
"Tariff rate, most favored nation, weighted mean, primary products (%)",TM.TAX.TCOM.WM.FN.ZS,Arab World,ARB,..,..,..,..,..
"Tariff rate, most favored nation, weighted mean, primary products (%)",TM.TAX.TCOM.WM.FN.ZS,Caribbean small states,CSS,..,..,..,..,..
"Tariff rate, most favored nation, weighted mean, primary products (%)",TM.TAX.TCOM.WM.FN.ZS,Central Europe and the Baltics,CEB,..,..,..,..,..
"Tariff rate, most favored nation, weighted mean, primary products (%)",TM.TAX.TCOM.WM.FN.ZS,Early-demographic dividend,EAR,..,..,..,..,..
"Tariff rate, most favored nation, weighted mean, primary products (%)",TM.TAX.TCOM.WM.FN.ZS,East Asia & Pacific,EAS,..,..,..,..,..
"Tariff rate, most favored nation, weighted mean, primary products (%)",TM.TAX.TCOM.WM.FN.ZS,East Asia & Pacific (excluding high income),EAP,..,..,..,..,..
"Tariff rate, most favored nation, weighted mean, primary products (%)",TM.TAX.TCOM.WM.FN.ZS,East Asia & Pacific (IDA & IBRD countries),TEA,..,..,..,..,..
"Tariff rate, most favored nation, weighted mean, primary products (%)",TM.TAX.TCOM.WM.FN.ZS,Euro area,EMU,..,..,..,..,..
"Tariff rate, most favored nation, weighted mean, primary products (%)",TM.TAX.TCOM.WM.FN.ZS,Europe & Central Asia,ECS,..,..,..,..,..
"Tariff rate, most favored nation, weighted mean, primary products (%)",TM.TAX.TCOM.WM.FN.ZS,Europe & Central Asia (excluding high income),ECA,..,..,..,..,..
"Tariff rate, most favored nation, weighted mean, primary products (%)",TM.TAX.TCOM.WM.FN.ZS,Europe & Central Asia (IDA & IBRD countries),TEC,..,..,..,..,..
"Tariff rate, most favored nation, weighted mean, primary products (%)",TM.TAX.TCOM.WM.FN.ZS,European Union,EUU,2.62,2.72,2.18,2.84,1.87
"Tariff rate, most favored nation, weighted mean, primary products (%)",TM.TAX.TCOM.WM.FN.ZS,Fragile and conflict affected situations,FCS,..,..,..,..,..
"Tariff rate, most favored nation, weighted mean, primary products (%)",TM.TAX.TCOM.WM.FN.ZS,Heavily indebted poor countries (HIPC),HPC,..,..,..,..,..
"Tariff rate, most favored nation, weighted mean, primary products (%)",TM.TAX.TCOM.WM.FN.ZS,High income,HIC,..,..,..,..,..
"Tariff rate, most favored nation, weighted mean, primary products (%)",TM.TAX.TCOM.WM.FN.ZS,IBRD only,IBD,..,..,..,..,..
"Tariff rate, most favored nation, weighted mean, primary products (%)",TM.TAX.TCOM.WM.FN.ZS,IDA & IBRD total,IBT,..,..,..,..,..
"Tariff rate, most favored nation, weighted mean, primary products (%)",TM.TAX.TCOM.WM.FN.ZS,IDA blend,IDB,..,..,..,..,..
"Tariff rate, most favored nation, weighted mean, primary products (%)",TM.TAX.TCOM.WM.FN.ZS,IDA only,IDX,..,..,..,..,..
"Tariff rate, most favored nation, weighted mean, primary products (%)",TM.TAX.TCOM.WM.FN.ZS,IDA total,IDA,..,..,..,..,..
"Tariff rate, most favored nation, weighted mean, primary products (%)",TM.TAX.TCOM.WM.FN.ZS,Late-demographic dividend,LTE,..,..,..,..,..
"Tariff rate, most favored nation, weighted mean, primary products (%)",TM.TAX.TCOM.WM.FN.ZS,Latin America & Caribbean,LCN,..,..,..,..,..
"Tariff rate, most favored nation, weighted mean, primary products (%)",TM.TAX.TCOM.WM.FN.ZS,Latin America & Caribbean (excluding high income),LAC,..,..,..,..,..
"Tariff rate, most favored nation, weighted mean, primary products (%)",TM.TAX.TCOM.WM.FN.ZS,Latin America & the Caribbean (IDA & IBRD countries),TLA,..,..,..,..,..
"Tariff rate, most favored nation, weighted mean, primary products (%)",TM.TAX.TCOM.WM.FN.ZS,Least developed countries: UN classification,LDC,..,..,..,..,..
"Tariff rate, most favored nation, weighted mean, primary products (%)",TM.TAX.TCOM.WM.FN.ZS,Low & middle income,LMY,..,..,..,..,..
"Tariff rate, most favored nation, weighted mean, primary products (%)",TM.TAX.TCOM.WM.FN.ZS,Low income,LIC,..,..,..,..,..
"Tariff rate, most favored nation, weighted mean, primary products (%)",TM.TAX.TCOM.WM.FN.ZS,Lower middle income,LMC,..,..,..,..,..
"Tariff rate, most favored nation, weighted mean, primary products (%)",TM.TAX.TCOM.WM.FN.ZS,Middle East & North Africa,MEA,..,..,..,..,..
"Tariff rate, most favored nation, weighted mean, primary products (%)",TM.TAX.TCOM.WM.FN.ZS,Middle East & North Africa (excluding high income),MNA,..,..,..,..,..
"Tariff rate, most favored nation, weighted mean, primary products (%)",TM.TAX.TCOM.WM.FN.ZS,Middle East & North Africa (IDA & IBRD countries),TMN,..,..,..,..,..
"Tariff rate, most favored nation, weighted mean, primary products (%)",TM.TAX.TCOM.WM.FN.ZS,Middle income,MIC,..,..,..,..,..
"Tariff rate, most favored nation, weighted mean, primary products (%)",TM.TAX.TCOM.WM.FN.ZS,North America,NAC,..,..,..,..,..
"Tariff rate, most favored nation, weighted mean, primary products (%)",TM.TAX.TCOM.WM.FN.ZS,Not classified,INX,..,..,..,..,..
"Tariff rate, most favored nation, weighted mean, primary products (%)",TM.TAX.TCOM.WM.FN.ZS,OECD members,OED,..,..,..,..,..
"Tariff rate, most favored nation, weighted mean, primary products (%)",TM.TAX.TCOM.WM.FN.ZS,Other small states,OSS,..,..,..,..,..
"Tariff rate, most favored nation, weighted mean, primary products (%)",TM.TAX.TCOM.WM.FN.ZS,Pacific island small states,PSS,..,..,..,..,..
"Tariff rate, most favored nation, weighted mean, primary products (%)",TM.TAX.TCOM.WM.FN.ZS,Post-demographic dividend,PST,..,..,..,..,..
"Tariff rate, most favored nation, weighted mean, primary products (%)",TM.TAX.TCOM.WM.FN.ZS,Pre-demographic dividend,PRE,..,..,..,..,..
"Tariff rate, most favored nation, weighted mean, primary products (%)",TM.TAX.TCOM.WM.FN.ZS,Small states,SST,..,..,..,..,..
"Tariff rate, most favored nation, weighted mean, primary products (%)",TM.TAX.TCOM.WM.FN.ZS,South Asia,SAS,..,..,..,..,..
"Tariff rate, most favored nation, weighted mean, primary products (%)",TM.TAX.TCOM.WM.FN.ZS,South Asia (IDA & IBRD),TSA,..,..,..,..,..
"Tariff rate, most favored nation, weighted mean, primary products (%)",TM.TAX.TCOM.WM.FN.ZS,Sub-Saharan Africa,SSF,..,..,..,..,..
"Tariff rate, most favored nation, weighted mean, primary products (%)",TM.TAX.TCOM.WM.FN.ZS,Sub-Saharan Africa (excluding high income),SSA,..,..,..,..,..
"Tariff rate, most favored nation, weighted mean, primary products (%)",TM.TAX.TCOM.WM.FN.ZS,Sub-Saharan Africa (IDA & IBRD countries),TSS,..,..,..,..,..
"Tariff rate, most favored nation, weighted mean, primary products (%)",TM.TAX.TCOM.WM.FN.ZS,Upper middle income,UMC,..,..,..,..,..
"Tariff rate, most favored nation, weighted mean, primary products (%)",TM.TAX.TCOM.WM.FN.ZS,World,WLD,..,..,..,..,..
,,,,,,,,
,,,,,,,,
,,,,,,,,
Data from database: World Development Indicators,,,,,,,,
Last Updated: 04/15/2025,,,,,,,,
